{"count":1,"gauges":{},"self":3.4466752,"total":54.300996,"children":{"AgentResetIfDone":{"count":153,"self":0.0059809999999999993,"total":0.0059809999999999993,"children":null},"AgentSendState":{"count":153,"self":0.005417,"total":0.0070729999999999994,"children":{"CollectObservations":{"count":16,"self":0.001656,"total":0.001656,"children":null}}},"DecideAction":{"count":153,"self":50.8301632,"total":50.830163,"children":null},"AcademyStep":{"count":153,"self":0.004177,"total":0.004177,"children":null},"AgentAct":{"count":153,"self":0.005791,"total":0.005791,"children":null}}}