{"cameraMode":{"drawMode":0,"name":"Shaded","section":"Shading Mode"},"sceneLighting":true,"audioPlay":false,"sceneViewState":{"showFog":true,"showMaterialUpdate":false,"showSkybox":true,"showFlares":true,"showImageEffects":true,"showParticleSystems":true},"in2DMode":false,"pivot":{"x":-3.059647560119629,"y":65.61582946777344,"z":-55.299774169921878},"rotation":{"x":0.388355553150177,"y":0.024876128882169725,"z":-0.010488218627870083,"w":0.9211143255233765},"size":91.358154296875,"orthographic":false}