{"cameraMode":{"drawMode":0,"name":"Shaded","section":"Shading Mode"},"sceneLighting":true,"audioPlay":false,"sceneViewState":{"showFog":true,"showMaterialUpdate":false,"showSkybox":true,"showFlares":true,"showImageEffects":true,"showParticleSystems":true},"in2DMode":false,"pivot":{"x":-0.21786558628082276,"y":8.914743423461914,"z":-13.27927303314209},"rotation":{"x":-0.14197205007076264,"y":-0.025238800793886186,"z":0.0036210722755640747,"w":-0.9895422458648682},"size":5.448391914367676,"orthographic":false}