{"count":1,"gauges":{},"self":0.554788,"total":57.861042,"children":{"AgentResetIfDone":{"count":711,"self":0.003627,"total":0.003627,"children":null},"AgentSendState":{"count":711,"self":0.0035849999999999996,"total":0.004297,"children":{"CollectObservations":{"count":72,"self":0.000712,"total":0.000712,"children":null}}},"DecideAction":{"count":711,"self":57.283468799999994,"total":57.288678,"children":{"AgentInfo.ToProto":{"count":72,"self":0.005207,"total":0.005207,"children":null}}},"AcademyStep":{"count":711,"self":0.0026839999999999998,"total":0.0026839999999999998,"children":null},"AgentAct":{"count":711,"self":0.0050539999999999995,"total":0.0050539999999999995,"children":null}}}